Category,SUB Category,Item Name,CAPACITY,Unit,Supplier,List Price,Discount,DP
Controller,1,AI-PCU02 WITH HMI DISPLAY ,1,Nos,Saark Exploration Pvt Ltd,50000,50,25000
Controller,2,AI-PCU02 WITH HMI DISPLAY ,2,Nos,Saark Exploration Pvt Ltd,39000,50,19500
Controller,3,AIPCU  HMI CONTROLLER MULTIVFD,3,Nos,Saark Exploration Pvt Ltd,80000,50,40000
Controller,4,AIPCU  HMI CONTROLLER MULTIVFD,4,Nos,Saark Exploration Pvt Ltd,60000,50,30000
Controller,5,DEFENDER ,5,Nos,Saark Exploration Pvt Ltd,70000,50,35000
Controller,6,HMI CONTROLLER STP,6,Nos,Saark Exploration Pvt Ltd,70000,50,35000
Controller,7,HMI CONTROLLER DIESEL (GPS PRDL FTROUTER),7,Nos,Saark Exploration Pvt Ltd,107000,50,53500
Controller,8,AI-PCU01,8,Nos,Saark Exploration Pvt Ltd,32000,50,16000
Controller,9,DLC02,9,Nos,Saark Exploration Pvt Ltd,11500,50,5750
Controller,10,DLC02 DEWATERING ,10,Nos,Saark Exploration Pvt Ltd,11500,65,4025
Controller,11,DLC02 DEWATERING (THERMAL AND MOISTURE) ,11,Nos,Saark Exploration Pvt Ltd,9500,0,9500
Controller,12,DLC PCB,12,Nos,Saark Exploration Pvt Ltd,11500,70,3450
Controller,13,DLC VFD,13,Nos,Saark Exploration Pvt Ltd,30000,50,15000
Controller,14,DLC VFD T SURESH ,14,Nos,Saark Exploration Pvt Ltd,9500,0,9500
POWER SUPPLY,1,AI-PCU POWER SUPPLY,1,Nos,Saark Exploration Pvt Ltd,900,35,585
POWER SUPPLY,2,DLC POWER SUPPLY ,2,Nos,Saark Exploration Pvt Ltd,900,45,495
Switch ,1,RELAY CARD FOR MANUAL PROTECTION,1,Nos,Saark Exploration Pvt Ltd,640,50,320
CT COIL,30-02 HOLE,30amp CT With Wire (2 HOLE),30,Nos,Saark Exploration Pvt Ltd,250,50,125
CT COIL,30-03 HOLE,30amp CT With Wire (3 HOLE ) ,30,Nos,Saark Exploration Pvt Ltd,300,47,159
CT COIL,60-03 HOLE,60amp CT With Wire (3 HOLE ) ,60,Nos,Saark Exploration Pvt Ltd,1500,47,795
CT COIL,30-02 HOLE,100amp CT With Wire (2 HOLE ) ,10,Nos,Saark Exploration Pvt Ltd,2000,47,1060
CT COIL,600/5 HOLE,600/5 amp CT With Wire ,600,Nos,Saark Exploration Pvt Ltd,4000,47,2120
MCB,1P,MCB 1P 1A,1,Nos,Satyam,902,70,270.6
MCB,1P,MCB 1P 2A,2,Nos,Satyam,902,70,270.6
MCB,1P,MCB 1P 3A,3,Nos,Satyam,902,70,270.6
MCB,1P,MCB 1P 4A,4,Nos,Satyam,902,70,270.6
MCB,1P,MCB 1P 6A,6,Nos,Satyam,535,70,160.5
MCB,1P,MCB 1P 10A,10,Nos,Satyam,535,70,160.5
MCB,1P,MCB 1P 16A,16,Nos,Satyam,535,70,160.5
MCB,1P,MCB 1P 20A,20,Nos,Satyam,535,70,160.5
MCB,1P,MCB 1P 25A,,Nos,Satyam,535,70,160.5
MCB,1P,MCB 1P 32A,,Nos,Satyam,535,70,160.5
MCB,1P,MCB 1P 40A,,Nos,Satyam,1277,70,383.1
MCB,1P,MCB 1P 50A,,Nos,Satyam,1277,70,383.1
MCB,1P,MCB 1P 63A,,Nos,Satyam,1295,70,388.5
MCB,2P,MCB 2P 1A,,Nos,Satyam,2570,70,771
MCB,2P,MCB 2P 2A,,Nos,Satyam,2570,70,771
MCB,2P,MCB 2P 3A,,Nos,Satyam,2570,70,771
MCB,2P,MCB 2P 4A,,Nos,Satyam,2570,70,771
MCB,2P,MCB 2P 6A,,Nos,Satyam,1857,70,557.1
MCB,2P,MCB 2P 10A,,Nos,Satyam,1857,70,557.1
MCB,2P,MCB 2P 16A,,Nos,Satyam,1857,70,557.1
MCB,2P,MCB 2P 20A,,Nos,Satyam,1857,70,557.1
MCB,2P,MCB 2P 25A,,Nos,Satyam,1857,70,557.1
MCB,2P,MCB 2P 32A,,Nos,Satyam,1857,70,557.1
MCB,2P,MCB 2P 40A,,Nos,Satyam,2989,70,896.7
MCB,2P,MCB 2P 50A,,Nos,Satyam,2989,70,896.7
MCB,2P,MCB 2P 63A,,Nos,Satyam,3014,70,904.2
MCB,3P,MCB 3P 1A,,Nos,Satyam,4057,70,1217.1
MCB,3P,MCB 3P 2A,,Nos,Satyam,4057,70,1217.1
MCB,3P,MCB 3P 3A,,Nos,Satyam,4057,70,1217.1
MCB,3P,MCB 3P 4A,,Nos,Satyam,4057,70,1217.1
MCB,3P,MCB 3P 6A,,Nos,Satyam,3080,70,924
MCB,3P,MCB 3P 10A,,Nos,Satyam,3080,70,924
MCB,3P,MCB 3P 16A,,Nos,Satyam,3080,70,924
MCB,3P,MCB 3P 20A,,Nos,Satyam,3080,70,924
MCB,3P,MCB 3P 25A,,Nos,Satyam,3080,70,924
MCB,3P,MCB 3P 32A,,Nos,Satyam,3080,70,924
MCB,3P,MCB 3P 40A ,,Nos,Satyam,4691,70,1407.3
MCB,3P,MCB 3P 50A ,,Nos,Satyam,4691,70,1407.3
MCB,3P,MCB 3P 63A ,,Nos,Satyam,4846,70,1453.8
MCB,3P,MCB 3P 100A ,,Nos,Satyam,15849,70,4754.7
MCB,4P,MCB 4P 1A ,,Nos,Satyam,5106,70,1531.8
MCB,4P,MCB 4P 2A ,,Nos,Satyam,5106,70,1531.8
MCB,4P,MCB 4P 4A,,Nos,Satyam,5106,70,1531.8
MCB,4P,MCB 4P 6A,,Nos,Satyam,4150,70,1245
MCB,4P,MCB 4P 10A,,Nos,Satyam,4150,70,1245
MCB,4P,MCB 4P 16A,,Nos,Satyam,4150,70,1245
MCB,4P,MCB 4P 20A ,,Nos,Satyam,4150,70,1245
MCB,4P,MCB 4P 25A,,Nos,Satyam,4150,70,1245
MCB,4P,MCB 4P 32A,,Nos,Satyam,4150,70,1245
MCB,4P,MCB 4P 40A,,Nos,Satyam,6029,70,1808.7
MCB,4P,MCB 4P 50A,,Nos,Satyam,6029,70,1808.7
MCB,4P,MCB 4P 63A,,Nos,Satyam,6279,70,1883.7
RELAY,1,RELAY TARA ,,Nos,Satyam,550,35,357.5
CONTACTOR,M7,CONTACTOR 0901 M7,9,Nos,Satyam,2404,60,961.6
CONTACTOR,M7,CONTACTOR 1201 M7,12,Nos,Satyam,2750,60,1100
CONTACTOR,M7,CONTACTOR 1801 M7,,Nos,Satyam,3170,60,1268
CONTACTOR,M7,CONTACTOR 2501 M7,,Nos,Satyam,4315,60,1726
CONTACTOR,M7,CONTACTOR 3201 M7,,Nos,Satyam,9045,60,3618
CONTACTOR,M7,CONTACTOR 3801 M7,,Nos,Satyam,10550,60,4220
CONTACTOR,M7,CONTACTOR 40 AMP M7,,Nos,Satyam,11405,60,4562
CONTACTOR,M7,CONTACTOR 50 AMP M7,,Nos,Satyam,17230,60,6892
CONTACTOR,M7,CONTACTOR 65 AMP M7,,Nos,Satyam,23345,60,9338
CONTACTOR,M7,CONTACTOR 80 AMP M7,,Nos,Satyam,30365,60,12146
CONTACTOR,M7,CONTACTOR 95 AMP M7,,Nos,Satyam,36385,60,14554
Terminal,RED,CTS 16U RED,16,Nos,Anuroop,42,30,29.4
Terminal,YELLOW,CTS 16U YELLOW,16,Nos,Anuroop,42,30,29.4
Terminal,BLUE,CTS 16U BLUE,16,Nos,Anuroop,42,30,29.4
Terminal,RED,CTS 10U RED,10,Nos,Anuroop,25,30,17.5
Terminal,YELLOW,CTS 10U YELLOW,,Nos,Anuroop,25,30,17.5
Terminal,BLUE,CTS 10U BLUE,,Nos,Anuroop,25,30,17.5
Terminal,BLACK,CTS 10U BLACK,,Nos,Anuroop,25,30,17.5
Terminal,GREY,CTS 10U GREY,,Nos,Anuroop,25,30,17.5
Terminal,GREEN ERTH,CTS 6U GREEN ERTH,,Nos,Anuroop,93,30,65.1
Terminal,RED,CTS 6U RED,,Nos,Anuroop,20,30,14
Terminal,YELLOW,CTS 6U YELLOW,,Nos,Anuroop,20,30,14
Terminal,BLUE,CTS 6U BLUE,,Nos,Anuroop,20,30,14
Terminal,BLACK,CTS 6U BLACK,,Nos,Anuroop,20,30,14
Terminal,GREY,CTS 6U GREY,,Nos,Anuroop,20,30,14
Terminal,RED,CTS 4U RED,,Nos,Anuroop,11,7,10.23
Terminal,YELLOW,CTS 4U YELLOW,,Nos,Anuroop,11,7,10.23
Terminal,BLUE,CTS 4U BLUE,,Nos,Anuroop,11,7,10.23
Terminal,BLACK,CTS 4U BLACK ,,Nos,Anuroop,11,7,10.23
Terminal,GREY,CTS 4U GREY,,Nos,Anuroop,11,7,10.23
Terminal,GREY,CTS - 2.5U,,Nos,Anuroop,8,7,7.44
Terminal,GREY,EP - 2.5/4U,4,Nos,Anuroop,8,30,5.6
Terminal,GREY,EP - 6/10U,10,Nos,Anuroop,9,30,6.3
Terminal,GREY,END LOCK CA802,,Nos,Anuroop,15,30,10.5
Din Rail,1,Din Rail 35X7.5,1,Meter,Ajitesh,88.8,30,62.16
Cable Tray,25X60,CABLE TREY 25X60 BTYPE,1,Meter,Ajitesh,185,40,111
Cable Tray,25X45,CABLE TREY 25X45 BTYPE,2,Meter,Ajitesh,170,40,102
Cable Tray,45X60,CABLE TREY 45X60 BTYPE,3,Meter,Ajitesh,312,40,187.2
Metal Box,1,Metal Box 450*350*210 DLC UPTO 2 PUMP ,1,Nos,Anand Engineering,2500,0,2500
Metal Box,1,Metal Box 500*400*210 DLC ,2,Nos,Anand Engineering,3000,0,3000
Metal Box,1,Metal Box Dewatering,3,Nos,Anand Engineering,960,0,960
Metal Box,1,Metal Box 500*400*250 DLC UPTO 4 PUMP ,4,Nos,Anand Engineering,3900,0,3900
Metal Box,1,Metal Box 600*400*250 DLC UPTO 4 PUMP ,5,Nos,Anand Engineering,4500,0,4500
Metal Box,1,Metal Box 600*700*250(1.6MM) ,6,Nos,Anand Engineering,5600,0,5600
Metal Box,1,Metal Box 500*600*250(1.6MM) ,7,Nos,Anand Engineering,3500,0,3500
Metal Box,1,Metal Box 700*500*250 (1.2mm),8,Nos,Anand Engineering,4700,0,4700
Metal Box,1,Metal Box 800*600*250 (1.6mm),9,Nos,Anand Engineering,7500,0,7500
Metal Box,1,Metal Box 900*700*250 (1.6mm),10,Nos,Anand Engineering,8500,0,8500
Metal Box,1,Metal Box 900*700*250 (1.6mm) outdoor,11,Nos,Anand Engineering,12000,0,12000
Metal Box,1,Metal Box 900*700*250 (1.6mm) OUTDOOR CONTROL PANEL ,12,Nos,Anand Engineering,17000,0,17000
Metal Box,1,Metal Box 900*750*330 (1.6mm),13,Nos,Anand Engineering,9500,0,9500
Metal Box,1,Metal Box 870 x 600 x 350 (1.6mm),14,Nos,Anand Engineering,9000,0,9000
Metal Box,1,Metal Box 900*900*350 (1.6mm),15,Nos,Anand Engineering,14000,0,14000
Metal Box,1,50HP 4PUMP 2VFD METAL BOX,16,Nos,Anand Engineering,40000,0,40000
Metal Box,1,60HP 3PUMP 3VFD METAL BOX,17,Nos,Anand Engineering,20000,0,20000
Metal Box,1,SOFT STARTER METAL BOX 40HP ,18,Nos,Anand Engineering,20000,0,20000
Metal Box,1,SOFT STARTER METAL BOX 50HP ,19,Nos,Anand Engineering,35000,0,35000
Metal Box,1,METAL BOX FOR 75HP ,20,Nos,Anand Engineering,40000,0,40000
Metal Box,1,Metal Box 850*650*210 STP  UPTO 15  PUMP ,21,Nos,Anand Engineering,4300,0,4300
Metal Box,1,Metal Box 900*500*250 UPTO 4 PUMP MULTY VFD ,22,Nos,Anand Engineering,7500,0,7500
Metal Box,1,Metal Box 950*600*375 UPTO 4 PUMP MULTY VFD ,23,Nos,Anand Engineering,10700,0,10700
Metal Box,1,Metal Box 850*550*375 UPTO 4 PUMP MULTY VFD ,24,Nos,Anand Engineering,9500,0,9500
Metal Box,1,Metal Box 650*400*300 ,25,Nos,Anand Engineering,600,0,600
Metal Box,1,Metal Box 700*600*300 UPTO 4 PUMP MULTY VFD ,26,Nos,Anand Engineering,7500,0,7500
Metal Box,1,Metal Box 650*950*300(1.6MM) ,27,Nos,Anand Engineering,7600,0,7600
Metal Box,1,METAL BOX 450*350*250MM,28,Nos,,3500,0,3500
Metal Box,1,METAL BOX 2100*600*400MM,29,Nos,,30000,0,30000
Metal Box,1,METAL BOX 900*900*300MM,30,Nos,,20000,0,20000
Fan,4,"Exaust Fan 4"" 230VAC",4,Nos,Anuroop,370,0,370
Filter,4,"FAN FILTER 4"" (AIR FILTER )",4,Nos,Anuroop,47,30,32.9
Tube,1,TUBE LIGHT 1 FEET,1,Nos,Anuroop,130,0,130
Switch,1,DOOR LIMIT SWITCH  1NO 1NC,1,Nos,Anuroop,268,45,147.4
Wire,RED,WIRE 30 SQMM RED,30,Meter,Thakur,1275,50,637.5
Wire,YELLOW,WIRE 30 SQMM YELLOW,30,Meter,Thakur,1275,50,637.5
Wire,BLUE,WIRE 30 SQMM BLUE,,Meter,Thakur,1275,50,637.5
Wire,BLACK,WIRE 30 SQMM BLACK,,Meter,Thakur,1275,50,637.5
Wire,RED,WIRE 25 SQMM RED,25,Meter,Thakur,1175,50,587.5
Wire,YELLOW,WIRE 25 SQMM YELLOW,,Meter,Thakur,1175,50,587.5
Wire,BLUE,WIRE 25 SQMM BLUE,,Meter,Thakur,1175,50,587.5
Wire,BLACK,WIRE 25 SQMM BLACK,,Meter,Thakur,1175,50,587.5
Wire,RED,WIRE 16 SQMM RED,16,Meter,Thakur,975,50,487.5
Wire,YELLOW,WIRE 16 SQMM YELLOW,,Meter,Thakur,975,50,487.5
Wire,BLUE,WIRE 16 SQMM BLUE,,Meter,Thakur,975,50,487.5
Wire,BLACK,WIRE 16 SQMM BLACK,,Meter,Thakur,975,50,487.5
Wire,RED,WIRE 10 SQMM RED,,Meter,Thakur,675,50,337.5
Wire,YELLOW,WIRE  10 SQMM YELLOW,,Meter,Thakur,675,50,337.5
Wire,BLUE,WIRE 10 SQMM BLUE,,Meter,Thakur,675,50,337.5
Wire,BLACK,WIRE 10 SQMM BLACK,,Meter,Thakur,675,50,337.5
Wire,RED,WIRE 6 SQMM RED,,Meter,Thakur,576,50,288
Wire,YELLOW,WIRE 6 SQMM YELLOW,,Meter,Thakur,576,50,288
Wire,BLUE,WIRE 6 SQMM BLUE,,Meter,Thakur,576,50,288
Wire,BLACK,WIRE 6 SQMM BLACK,,Meter,Thakur,576,50,288
Wire,RED,WIRE 4 SQMM RED,,Meter,Thakur,150,50,75
Wire,YELLOW,WIRE 4 SQMM YELLOW,,Meter,Thakur,150,50,75
Wire,BLUE,WIRE 4 SQMM BLUE,,Meter,Thakur,150,50,75
Wire,BLACK,WIRE 4 SQMM BLACK,,Meter,Thakur,150,50,75
Wire,RED,WIRE 2.5 SQMM RED,,Meter,Thakur,95,50,47.5
Wire,YELLOW,WIRE  2.5 SQMM YELLOW,,Meter,Thakur,95,50,47.5
Wire,BLUE,WIRE 2.5 SQMM BLUE,,Meter,Thakur,95,50,47.5
Wire,BLACK,WIRE 2.5 SQMM BLACK,,Meter,Thakur,95,50,47.5
Wire,RED,WIRE 0.5 SQMM RED,0.5,Meter,Thakur,25,50,12.5
Wire,YELLOW,WIRE 0.5 SQMM YELLOW,,Meter,Thakur,25,50,12.5
Wire,BLUE,WIRE 0.5 SQMM BLUE,,Meter,Thakur,25,50,12.5
Wire,BLACK,WIRE 0.5 SQMM BLACK,,Meter,Thakur,25,50,12.5
Wire,GREY,WIRE 0.5 SQMM GREY,,Meter,Thakur,25,50,12.5
Wire,GREEN,WIRE 0.5 SQMM YELLOW -GREEN,,Meter,Thakur,25,50,12.5
Wire,SHILLEDE,2 core wire SHILLEDE,0.5,Meter,Thakur,33.3,0,33.3
Wire,SHILLEDE,4 core wire 0.5 Sqmm poly cab ,0.5,Meter,Thakur,55.4,50,27.7
Lugs,single,Lugs End Sleeve 0.5 Sqmm,0.5,Nos,Anuroop,1,50,0.5
Lugs,twin,Lugs End Sleeve 0.5 Sqmm twin ,,Nos,Anuroop,1,50,0.5
Lugs,single,Lugs End Sleeve 2.5 Sqmm,,Nos,Anuroop,1.5,50,0.75
Lugs,Twin,Lugs End Sleeve 2.5 Sqmm Twin,,Nos,Anuroop,2.5,50,1.25
Lugs,single,Lugs End Sleeve 4 Sqmm,4,Nos,Anuroop,3,50,1.5
Lugs,Twin,Lugs End Sleeve 4 Sqmm Twin,,Nos,Anuroop,3.5,50,1.75
Lugs,COPPER,LUGS 6 SQMM PIN COPPER,6,Nos,Anuroop,3,0,3
Lugs,COPPER,LUGS 6 SQMM RING COPPER,,Nos,Anuroop,4,0,4
Lugs,COPPER,LUGS 10 SQMM PIN COPPER,,Nos,Anuroop,8,0,8
Lugs,COPPER,LUGS 10 SQMM RING COPPER,,Nos,Anuroop,8,0,8
Lugs,COPPER,LUGS 16 SQMM PIN COPPER,,Nos,Anuroop,8,0,8
Lugs,COPPER,LUGS 16 SQMM RING COPPER,,Nos,Anuroop,8.02,30,5.614
Lugs,COPPER,LUGS 25 SQMM PIN COPPER,,Nos,Anuroop,12,0,12
Lugs,COPPER,LUGS 25 SQMM RING COPPER,,Nos,Anuroop,18,30,12.6
Lugs,COPPER,LUGS 30 SQMM PIN COPPER,,Nos,Anuroop,40,0,40
Lugs,COPPER,LUGS 30 SQMM RING COPPER,,Nos,Anuroop,60,30,42
Spiral,1,Spiral Sleeve 9mm,9,Meter,Bharat Trading Co.,7.2,0,7.2
Spiral,1,Spiral Sleeve 10mm,,Meter,Bharat Trading Co.,7.2,0,7.2
Spiral,1,Spiral Sleeve 6mm,,Meter,Bharat Trading Co.,6,0,6
Spiral,1,Spiral Sleeve 3mm,,Meter,Bharat Trading Co.,5,0,5
Cable Tie,1,Cable Tie 2.5 X 100,1,Nos,Anuroop,4,70,1.2
Cable Tie,1,Cable Tie 2.5 X 150,2,Nos,Anuroop,5,70,1.5
Gasket,1,Gasket 25X5,3,Meter,Ajitesh,10,10,9
Screw,Tap,Screw 8*13 Self Tap,1,Nos,Mayura Traders,1,0,1
Screw,Tap,Screw 8*19 Self Tap,2,Nos,Mayura Traders,1,0,1
Screw,plate,Screw 6*12 base plate ,3,Nos,Mayura Traders,1.7,0,1.7
Screw,plate,Screw M3X6,4,Nos,Mayura Traders,1,0,1
Screw,plate,SELF TAP SCREW 6X9.5,5,Nos,Mayura Traders,0.5,0,0.5
Switch,TNI,2 Pole selector switch (TNI) ,2,Nos,Ajitesh,96,30,67.2
Switch,TNI,3 Pole selector switch (TNI) ,3,Nos,Ajitesh,150,30,105
Switch,Element,NO Element,1,nos,Ajitesh,87,30,60.9
Switch,Element,NC Element,2,Nos,Ajitesh,87,30,60.9
Switch,INDICATOR,RED INDICATOR ,1,Nos,Ajitesh,60,30,42
Switch,INDICATOR,YELLOW INDICATOR ,2,Nos,Ajitesh,60,30,42
Switch,INDICATOR,BLUE INDICATOR ,3,Nos,Ajitesh,60,30,42
Switch,INDICATOR,AMBER INDICATOR ,4,Nos,Ajitesh,60,30,42
Switch,INDICATOR,GREEN INDICATOR ,5,Nos,Ajitesh,60,30,42
Label,ALUMINIUM PLATE,ALUMINIUM PLATE 22MM ,1,Nos,Mrugesh Engravers,9,0,9
Lock,Door,Door Lock (25MM),25,Nos,Anuroop,35,0,35
 Lock,Door,Door Lock (20MM),20,Nos,Siddhivinayak,30,0,30
Key,Door,Door Key,1,Nos,Ajitesh,25,0,25
Sticker,Door,Open Close Sticker,2,Nos,Anuroop,4,0,4
Sticker,Door,HOLE CLOSER,3,Nos,Anuroop,24,0,24
Ferrule,PRINT,FERRULE SOFT SLEEVE 3.2 MM,3.2,Nos,Anuroop,70,0,70
Ferrule,PRINT,FERRULE SOFT SLEEVE 4.2 MM,,Nos,Anuroop,70,0,70
Ferrule,PRINT,FERRULE SOFT SLEEVE 3.7 MM,,Nos,Anuroop,70,0,70
Ferrule,PRINT,FERRULE SOFT SLEEVE 5.2 MM,,Nos,Anuroop,70,0,70
Ferrule,PRINT,FERRULE SOFT SLEEVE 6.5 MM,,Nos,Anuroop,70,0,70
Ferrule,PRINT,FERRULE SOFT SLEEVE 4.6 MM,,Nos,Anuroop,70,0,70
Ferrule,PRINT,FERRULE COSTEBLE,,Nos,Anuroop,70,0,70
Sensor,FLOAT SWITCH,FLOAT SWITCH 3 MTR ICP ,3,Nos,Anuroop,370,32.5,249.75
Relay,RELAY BASE,RELAY BASE SALZER 4 POL,4,Nos,Anuroop,50,0,50
Relay,RELAY BASE,RELAY BASE SALZER 11 POL,11,Nos,Anuroop,50,0,50
Relay,12,2 changeover 12cdc relay salzer ,2,Nos,Anuroop,125,0,125
Relay,12,3 pole Salzer relay (BASE PLATE MOUNT),3,Nos,Anuroop,375,37,236.25
fuse,fuse,FUSE TB ,1,Nos,Anuroop,41.5,37,26.145
fuse,fuse,GLASS FUSE (2A) ,2,Nos,Anuroop,5,37,3.15
Add On Block,schneider,ADD ON BOLCK (1 NO 1 NC ) ,11,Nos,Anuroop,160,0,160
Add On Block,schneider,ADD ON BOLCK  (2NO 2NC),22,Nos,Anuroop,190,0,190
Sensor,HUMIDITY SENSOR,HUMIDITY SENSOR ,1,Nos,Anuroop,5480,37,3452.4
PG Gland,PG,PG 7,7,Nos,Anuroop,6.5,70,1.95
PG Gland,PG,PG 9,9,Nos,Anuroop,7,70,2.1
PG Gland,PG,PG 11,,Nos,Anuroop,11.25,70,3.375
PG Gland,PG,PG 13.5,,Nos,Anuroop,12.5,70,3.75
PG Gland,PG,PG 16,,Nos,Anuroop,15,70,4.5
PG Gland,PG,PG 21,,Nos,Anuroop,25,70,7.5
PG Gland,PG,PG 25,,Nos,Anuroop,27.5,70,8.25
PG Gland,PG,PG 29,,Nos,Anuroop,41.25,70,12.375
PG Gland,PG,PG 36,,Nos,Anuroop,57.5,70,17.25
PG Gland,PG,PG 42,,Nos,Anuroop,82.5,70,24.75
PG Gland,PG,PG 48,,Nos,Anuroop,90.5,70,27.15
PG Gland,PG,PG 63,,Nos,Anuroop,192,70,57.6
RCCB,RCCB 4P,RCCB  25A  WITH 30MA  4 Pole ,25,Nos,Anuroop,6465,53,3038.55
RCCB,RCCB 4P,RCCB  25A  WITH 100MA  4 Pole,25,Nos,Anuroop,6870,53,3228.9
RCCB,RCCB 4P,RCCB  25A  WITH 300MA  4 Pole,,Nos,Anuroop,7072,53,3323.84
RCCB,RCCB 4P,RCCB  40A  WITH 30MA  4 Pole,40,Nos,Anuroop,6364,53,2991.08
RCCB,RCCB 4P,RCCB  40A  WITH 100MA  4 Pole,,Nos,Anuroop,6908,53,3246.76
RCCB,RCCB 4P,RCCB  40A  WITH 300MA  4 Pole,,Nos,Anuroop,7175,53,3372.25
RCCB,RCCB 4P,RCCB  63A  WITH 30MA  4 Pole,63,Nos,Anuroop,7369,53,3463.43
RCCB,RCCB 4P,RCCB  63A  WITH 100MA  4 Pole,,Nos,Anuroop,8162,53,3836.14
RCCB,RCCB 4P,RCCB  63A  WITH 300MA  4 Pole,,Nos,Anuroop,8200,53,3854
RCCB,RCCB 4P,RCCB  80A  WITH 30MA  4 Pole,,Nos,Anuroop,12999,53,6109.53
RCCB,RCCB 4P,RCCB  80A  WITH 100MA   4 Pole,,Nos,Anuroop,13209,53,6208.23
RCCB,RCCB 4P,RCCB  80A  WITH 300MA  4 Pole,,Nos,Anuroop,13279,53,6241.13
Relay,12VRELAY,12V Change over Relay ,,Nos,Satyam,260,0,260
OLR, schneider OLR,OLR 1...1.6 AMP,1.6,Nos,Satyam,3755,60,1502
OLR, schneider OLR,OLR 1.6...2.5 AMP,2.5,Nos,Satyam,3755,60,1502
OLR, schneider OLR,OLR 2.5...4  AMP,4,Nos,Satyam,3755,60,1502
OLR, schneider OLR,OLR 4...6  AMP,6,Nos,Satyam,3755,60,1502
OLR, schneider OLR,OLR 5.5...8  AMP,8,Nos,Satyam,3755,60,1502
OLR, schneider OLR,OLR 7...10  AMP,,Nos,Satyam,3755,60,1502
OLR, schneider OLR,OLR 9...13  AMP,,Nos,Satyam,3755,60,1502
OLR, schneider OLR,OLR 12-18 AMP,,Nos,Satyam,4165,60,1666
OLR, schneider OLR,OLR 16-24 AMP,,Nos,Satyam,4620,60,1848
OLR, schneider OLR,OLR 23-32 AMP,,Nos,Satyam,6430,60,2572
OLR, schneider OLR,OLR 30-38 AMP,,Nos,Satyam,7245,60,2898
OLR, schneider OLR,OLR 37...50 AMP,,Nos,Satyam,8170,60,3268
OLR, schneider OLR,OLR 48...65 AMP,,Nos,Satyam,10725,60,4290
OLR, schneider OLR,OLR 55...70 AMP,,Nos,Satyam,12705,60,5082
OLR, schneider OLR,OLR 63...80 AMP,,Nos,Satyam,13265,60,5306
OLR, schneider OLR,OLR 80...104 AMP,,Nos,Satyam,13265,60,5306
SPP,SPP,SPP 022,1,Nos,Ajitesh,555,37,349.65
MCCB ,MCCB 3P,MCCB  16A  THREE POLE ,16,Nos,Satyam,14460,60,5784
MCCB ,MCCB 3P,MCCB  25A  THREE POLE ,25,Nos,Satyam,14460,60,5784
MCCB ,MCCB 3P,MCCB  32A  THREE POLE ,32,Nos,Satyam,14460,60,5784
MCCB ,MCCB 3P,MCCB  40A  THREE POLE ,,Nos,Satyam,14460,60,5784
MCCB ,MCCB 3P,MCCB  50A  THREE POLE ,,Nos,Satyam,14460,60,5784
MCCB ,MCCB 3P,MCCB  63A  THREE POLE ,,Nos,Satyam,14460,60,5784
MCCB ,MCCB 3P,MCCB  80A  THREE POLE ,,Nos,Satyam,14460,60,5784
MCCB ,MCCB 3P,MCCB  100A  THREE POLE ,,Nos,Satyam,14460,60,5784
MCCB ,MCCB 3P,MCCB  125A  THREE POLE ,,Nos,Satyam,16050,60,6420
MCCB ,MCCB 3P,MCCB  160A  THREE POLE ,,Nos,Satyam,21260,60,8504
MCCB ,MCCB 3P,MCCB  200A  THREE POLE ,,Nos,Satyam,30620,60,12248
MCCB ,MCCB 3P,MCCB  250A  THREE POLE ,,Nos,Satyam,33960,60,13584
MCCB ,MCCB 4P,MCCB  16A  FOUR   POLE ,,Nos,Satyam,18060,60,7224
MCCB ,MCCB 4P,MCCB  25A  FOUR POLE ,,Nos,Satyam,18060,60,7224
MCCB ,MCCB 4P,MCCB  32A  FOUR POLE ,,Nos,Satyam,18060,60,7224
MCCB ,MCCB 4P,MCCB  40A FOUR POLE ,,Nos,Satyam,18060,60,7224
MCCB ,MCCB 4P,MCCB  50A  FOUR POLE ,,Nos,Satyam,18060,60,7224
MCCB ,MCCB 4P,MCCB  63A  FOUR POLE ,,Nos,Satyam,18060,60,7224
MCCB ,MCCB 4P,MCCB  80A  FOUR POLE ,,Nos,Satyam,18060,60,7224
MCCB ,MCCB 4P,MCCB  100A FOUR POLE ,,Nos,Satyam,18060,60,7224
MCCB ,MCCB 4P,MCCB  125A  FOUR POLE ,,Nos,Satyam,19930,60,7972
MCCB ,MCCB 4P,MCCB  160A  FOUR POLE ,,Nos,Satyam,25320,60,10128
MCCB ,MCCB 4P,MCCB  200A  FOUR POLE ,,Nos,Satyam,37940,60,15176
MCCB ,MCCB 4P,MCCB  250A  FOUR POLE ,,Nos,Satyam,33960,60,13584
MCCB ,MCCB 4P,MCCB  320A  FOUR POLE ,,Nos,Satyam,57610,60,23044
MCCB ,MCCB 4P,MCCB  630A  FOUR POLE ,,Nos,Satyam,89000,60,35600
MCCB ,SPREADER,MCCB BUS BAR CONNECTOR    (3P SPREADER PH BARRIERS),3,Nos,Satyam,1230,50,615
MCCB ,SPREADER,MCCB BUS BAR CONNECTOR    (4P SPREADER PH BARRIERS),4,Nos,Satyam,1630,50,815
MCCB ,EXTENDED ROTARY,EXTENDED ROTARY HANDLE  (CVS 100/160/250) ,3,Nos,Satyam,3300,50,1650
MCCB ,EXTENDED ROTARY,EXTENDED ROTARY HANDLE  4P(CVS 100/160/250) ,4,Nos,Satyam,5870,50,2935
MCCB ,EXTENDED ROTARY,EXTENDED ROTARY HANDLE  4P(CVS 320A) ,4,Nos,Satyam,4680,50,2340
Timer,TIMER MULTISPAN,TIMER MULTISPAN 60S,60,Nos,Anuroop,870,30,609
Timer,TIMER MULTISPAN,TIMER MULTISPAN 30S,30,Nos,Anuroop,870,30,609
Z Clamp,Z Clamp,Z CLAMP ,1,Nos,Anuroop,11,0,11
BUSBAR,,BUSBAR ,1,Nos,,450,0,450
Wire,,2 Core Shielded,,Meter,Thakur,25,0,25
Panel stickers,,Panel Guid Sticker,,Nos,,50,0,50
Moadbus Pin,,Moadbus connector pin ,,Nos,,250,0,250
VFD,CG,CG-0.75KW-HD1HP380-480V (200X80X150),,Nos,INNOVATORS ELECRICAL,21328,50,10664
VFD,CG,CG-1.5KW-HD2HP380-480V (200X80X150),,Nos,INNOVATORS ELECRICAL,22475,50,11237.5
VFD,CG,CG-2.2KW-HD3HP380-480V (200X80X150),,Nos,INNOVATORS ELECRICAL,25784,50,12892
VFD,CG,CG-3.7KW-HD5HP380-480V (186.6X116.6X175),,Nos,INNOVATORS ELECRICAL,29508,50,14754
VFD,CG,CG-7.5KW-HD10HP380-480V (249X146X177),,Nos,INNOVATORS ELECRICAL,44749,50,22374.5
VFD,CG,CG-11KW-HD15HP380-480V (249X146X177),,Nos,INNOVATORS ELECRICAL,54457,44,30495.92
VFD,CG,CG-15KW-HD20HP380-480V (300X198X185),,Nos,INNOVATORS ELECRICAL,66888,44,37457.28
VFD,CG,CG-18.5KW-HD25HP380-480V (300X198X185),,Nos,INNOVATORS ELECRICAL,74531,44,41737.36
VFD,CG,CG-22KW-HD30HP380-480V (300X198X185),,Nos,INNOVATORS ELECRICAL,83341,44,46670.96
VFD,CG,CG-4.4KW-ND(6HP)380-480V (186.6X116.6X175),,Nos,INNOVATORS ELECRICAL,31983.4,44,17910.704
VFD,CG,9.3KW-HD12.5HP380-480V (300X198X185),,Nos,,54457,44,30495.92
VFD,DANFOS,3KW-HD4HP380-480V ,,Nos,INNOVATORS ELECRICAL,29508,50,14754
Lugs,,Lugs End Sleeve 1 Sqmm,,Nos,Anuroop,1,0,1
VFD,CG,5.5KW-ND7.5HP380-480V (186.6X116.6X175),,Nos,INNOVATORS ELECRICAL,29508,52,14163.84
VFD,DELTA, DELTA 5.5KW-ND7.5HP380-480V (186.6X116.6X175),,Nos,DELTA DRIVE,14000,0,14000
VFD,CG,4KW-HD5.5HP380-480V (186.6X116.6X175),,Nos,INNOVATORS ELECRICAL,29508,50,14754
VFD,CG,0.75KW-HD1HP380-480V (200X80X150),,Nos,INNOVATORS ELECRICAL,21328,60,8531.2
VFD,CG,1.5KW-HD2HP380-480V (200X80X150),,Nos,INNOVATORS ELECRICAL,22475,60,8990
VFD,CG,2.2KW-HD3HP380-480V (200X80X150),,Nos,INNOVATORS ELECRICAL,25784,60,10313.6
VFD,CG,3.7KW-HD5HP380-480V (186.6X116.6X175),,Nos,INNOVATORS ELECRICAL,29508,60,11803.2
VFD,CG,5.5KW-HD7.5HP380-480V (186.6X116.6X175),,Nos,INNOVATORS ELECRICAL,37291,60,14916.4
VFD,CG,7.5KW-HD10HP380-480V (249X146X177),,Nos,INNOVATORS ELECRICAL,44749,60,17899.6
VFD,CG,11KW-HD15HP380-480V (249X146X177),,Nos,INNOVATORS ELECRICAL,54457,60,21782.8
VFD,CG,15KW-HD20HP380-480V (300X198X185),,Nos,INNOVATORS ELECRICAL,66888,60,26755.2
VFD,CG,18.5KW-HD25HP380-480V (300X198X185),,Nos,INNOVATORS ELECRICAL,74531,60,29812.4
VFD,CG,22KW-HD30HP380-480V (300X198X185),,Nos,INNOVATORS ELECRICAL,83341,60,33336.4
VFD,CG,1.1KW-ND(1.5HP)380-480V (186.6X116.6X175),,Nos,INNOVATORS ELECRICAL,22475,60,8990
,1,L TYPE INSULATOR ,,Nos,,20,0,20
,1,Z TYPE INSULATOR,,Nos,,20,0,20
,1,CONICAL TYPE INSULATOR 40MM,,Nos,,20,0,20
SLEEVE,RED,BUS BAR SLEEVE RED,,METER,,15,0,15
SLEEVE,YELLOW,BUS BAR SLEEVE YELLOW,,METER,,15,0,15
SLEEVE,BLUE,BUS BAR SLEEVE BLUE,,METER,,15,0,15
SLEEVE,BLACK,BUS BAR SLEEVE BLACK,,METER,,15,0,15
TERMINAL,RED,CBB TERMINAL RED 35-50,,NOS,,200,0,200
TERMINAL,YELLOW,CBB TERMINAL YELLOW 35-51,,NOS,,200,0,200
TERMINAL,BLUE,CBB TERMINAL BLUE 35-52,,NOS,,200,0,200
TERMINAL,BLACK,CBB TERMINAL BLACK 35-53,,NOS,,200,0,200
TERMINAL,GREY,CBB TERMINAL GREY 35-54,,NOS,,200,0,200
,1,EMERGENCY STOP BUTTON,,Nos,,150,0,150
,1,3 PIN  SOCKET,,Nos,,1500,0,1500
,1,AIR FILTER (PEACOCK),,Nos,,47,30,32.9
CONTACTOR,LNT,CONTACTOR 115 amp,,Nos,,15339,50,7669.5
CONTACTOR,LNT,CONTACTOR 65 amp,,Nos,,3560,57,1530.8
ADD ON BLOCK,1,ADD ON BLOCK,,Nos,,190,0,190
WIRE,RED,WIRE  35 SQMM RED,35,Nos,THAKUR,567,30,396.9
WIRE,YELLOW,WIRE  35 SQMM YELLOW,,Nos,THAKUR,567,30,396.9
WIRE,BLUE,WIRE  35 SQMM BLUE,,Nos,THAKUR,567,30,396.9
WIRE,BLACK,WIRE  35 SQMM BLACK,,Nos,THAKUR,567,30,396.9
Luga,1,LUGS PIN TYPE  COPPER ,,Nos,,15,0,15
Lugs,1,LUGS  RING TYPE  COPPER ,,Nos,,15,0,15
Nuts ,1,nut bolt 8*12 ,,Nos,,5,0,5
Nuts ,1,nut bolt 6*10 ,,nos,,5,0,5
,1,Washor ,,Nos,,5,0,5
board,1,Switch board ,,Nos,,200,0,200
,1,Motor protection relay ,,Nos,,2000,0,2000
metal box,1,metal box,,Nos,,55000,0,55000
OLR,1,Thermal O/L  90-150A,,Nos,,8540,40,5124
ATS,1,ATS 75hp (ELMEASURE 160A),,Nos,,27709,0,27709
,1,Ammeter 0-150A (Multispan),,Nos,,785,0,785
,1,C.T.150/5A (Std.),,Nos,,200,0,200
Metal Box,1,Metal Box 700*500*400 (1.6mm) ATS,,Nos,Anand Engineering,15000,0,15000
Metal Box,1,Metal Box 1000*1000*600 (1.6mm) LT,,Nos,Anand Engineering,30000,0,30000
Metal Box,1,Metal Box 230*190*125 ,,Nos,Anand Engineering,500,0,500
Transformer,T,Transformer ,,Nos,,200,0,200
Controller,A-STP,AIPCU WITH HMI DISPLAY - STP,,Nos,SAARK,50000,50,25000
Controller,GIC,GIC WATER LEVEL CONTROLLER ,,Nos,GIC,1500,0,1500
Controller,,GIC CONTROLLER,,Nos,,1900,0,1900
CONTACTOR,,CONTACTOR 0901 N5,,Nos,Satyam,1512,52,725.76
CONTACTOR,,CONTACTOR 1201 N5,,Nos,Satyam,1512,52,725.76
CONTACTOR,,CONTACTOR 1801 N5,,Nos,Satyam,1512,52,725.76
CONTACTOR,,CONTACTOR 2501 N5,,Nos,Satyam,1512,52,725.76
CONTACTOR,,CONTACTOR 3201 N5,,Nos,Satyam,1512,52,725.76
CONTACTOR,,CONTACTOR 3801 N5,,Nos,Satyam,1512,52,725.76
switch,YELLOW SB,3 POLE SWITCH DOOR MOUNT (YELLOW) 63A,63,Nos,Anuroop,1168,40,700.8
switch,1,3 POLE SWITCH DOOR MOUNT (YELLOW) 80A,80,Nos,Anuroop,3003,40,1801.8
switch,1,3 POLE SWITCH DOOR MOUNT (YELLOW) 100A,,Nos,Anuroop,3748,40,2248.8
switch,1,3 POLE SWITCH DOOR MOUNT (YELLOW) 125A,,Nos,Anuroop,4684,40,2810.4
switch,1,3 POLE SWITCH DOOR MOUNT (YELLOW) 16A,,Nos,Anuroop,847,40,508.2
switch,1,3 POLE SWITCH DOOR MOUNT (YELLOW) 20A,,Nos,Anuroop,870,40,522
switch,1,3 POLE SWITCH DOOR MOUNT (YELLOW) 25A,,Nos,Anuroop,944,40,566.4
switch,1,3 POLE SWITCH DOOR MOUNT (YELLOW) 32A,,Nos,Anuroop,977,40,586.2
switch,1,3 POLE SWITCH DOOR MOUNT (YELLOW) 40A,,Nos,Anuroop,1105,40,663
METAL BOX,METEL BOX,METAL BOX 500x600x250 (HMI 2PUMP) UPTO 3HP,,NOS,DB INDUSRIES,3500,0,3500
METAL BOX,PUMP,METAL BOX 500x700x250 (HMI 3PUMP) ,,NOS,DB INDUSRIES,4700,0,4700
METAL BOX,PUMP,METAL BOX 500x700x300 (HMI 3PUMP) ,,NOS,DB INDUSRIES,5500,0,5500
METAL BOX,PUMP,METAL BOX 600x800x300 (HMI 3PUMP) ,,NOS,DB INDUSRIES,8500,0,8500
METAL BOX,VFD,METAL BOX 550x700x330 MULTY VFD,,NOS,DB INDUSRIES,4700,0,4700
METAL BOX,VFD,METAL BOX 600x800x330 MULTY VFD,,NOS,DB INDUSRIES,6500,0,6500
power ,SMPS,SMPS,,NOS,,500,0,500
VFD,Schineder,7.5hp 5.5 KW VFD,,NOS,Satyam Schineder,14100,0,14100
VFD,Schineder,2HP 4.2 A VFD,,NOS,Satyam Schineder,9858,0,9858
VFD,Schineder,3HP 5.5 A VFD,,NOS,Satyam Schineder,11024,0,11024
VFD,Schineder,5HP 8.9 A VFD,,NOS,Satyam Schineder,13250,0,13250
VFD,Schineder,7.5HP 12.1 A VFD,,NOS,Satyam Schineder,14946,0,14946
VFD,Schineder,10HP 16 A VFD,,NOS,Satyam Schineder,18020,0,18020
VFD,Schineder,15HP 22.8 A VFD,,NOS,Satyam Schineder,24380,0,24380
VFD,Schineder,20HP 36 A VFD,,NOS,Satyam Schineder,32330,0,32330
VFD,Schineder,30HP 43 A VFD,,NOS,Satyam Schineder,46852,0,46852
METAL BOX,MB,METAL BOX FOR 6 PUMP ,,NOS,,15000,0,15000
,CG,1HP SINGLE PHASE VFD CG ,,NOS,,15000,61,5850
VFD,DANFOSS,0.37KW0.5HP380-480V,,NOS,INNODRIVES DANFOSS,8103,0,8103
VFD,DANFOSS,0.75KW 1HP380-480V,,NOS,INNODRIVES DANFOSS,8400,0,8400
VFD,DANFOSS,1.5KW2HP380-480V,,NOS,INNODRIVES DANFOSS,11462,0,11462
VFD,DANFOSS,2.2KW3HP380-480V,,NOS,INNODRIVES DANFOSS,14168,0,14168
VFD,DANFOSS,3KW4HP380-480V,,NOS,INNODRIVES DANFOSS,16858,0,16858
VFD,DANFOSS,4KW5HP380-480V,,NOS,INNODRIVES DANFOSS,18146,0,18146
VFD,DANFOSS,5.5KW 7.5HP 380-480V,,NOS,INNODRIVES DANFOSS,21032,0,21032
VFD,DANFOSS,7.5KW10HP380-480V,,NOS,INNODRIVES DANFOSS,23755,0,23755
VFD,DANFOSS,11KW15HP380-480V ,,NOS,INNODRIVES DANFOSS,34401,0,34401
VFD,DANFOSS,15KW20HP380-480V,,NOS,INNODRIVES DANFOSS,39586,0,39586
VFD,DANFOSS,18.5KW25HP380-480V ,,NOS,INNODRIVES DANFOSS,48716,0,48716
VFD,DANFOSS,22KW30HP380-480V ,,NOS,INNODRIVES DANFOSS,57078,0,57078
VFD,DANFOSS,30KW40HP380-480V ,,NOS,INNODRIVES DANFOSS,83300.8,0,83300.8
VFD,DANFOSS,38KW50HP380-480V ,,NOS,INNODRIVES DANFOSS,83489.7,0,83489.7
VFD,DANFOSS,47KW60HP380-480V ,,NOS,INNODRIVES DANFOSS,116859.75,0,116859.75
VFD,DANFOSS,75KW140 AMP 380-480V ,,NOS,INNODRIVES DANFOSS,162906.45,0,162906.45
VFD,DELTA, 230V 0.4KW / 0.5HP Inbuilt detachable display unit,,NOS,DELTA MS SERISE VFD2A8MS21ANSAA,8882,0,8882
VFD,DELTA,230V 0.75KW / 0.1HP Inbuilt detachable display unit,,NOS,DELTA MS SERISE VFD4A8MS21ANSAA,9720,0,9720
VFD,DELTA, 230V 1.5KW / 2HP Inbuilt detachable display unit,,NOS,DELTA MS SERISE VFD7A5MS21ANSAA,10373,0,10373
VFD,DELTA, 230V 2.2KW / 3HP Inbuilt detachable display unit,,NOS,DELTA MS SERISE VFD11AMS21ANSAA,11739,0,11739
VFD,DELTA, 415V 0.4KW / 0.5HP Inbuilt detachable display unit,,NOS,DELTA MS SERISE VFD1A5MS43ANSAA,10671,0,10671
VFD,DELTA, 415V 0.75KW / 1HP Inbuilt detachable display unit,,NOS,DELTA MS SERISE VFD2A7MS43ANSAA,11205,0,11205
VFD,DELTA, 415V 1.5KW / 2HP Inbuilt detachable display unit,,NOS,DELTA MS SERISE VFD4A2MS43ANSAA,11863,0,11863
VFD,DELTA, 415V 2.2KW / 3HP Inbuilt detachable display unit,,NOS,DELTA MS SERISE VFD5A5MS43ANSAA,13708,0,13708
VFD,DELTA, 415V 4KW / 5HP Inbuilt detachable display unit,,NOS,DELTA MS SERISE VFD9A0MS43ANSAA,15677,0,15677
VFD,DELTA, 415V 5.5KW / 7.5HP Inbuilt detachable display unit,,NOS,DELTA MS SERISE VFD13AMS43ANSAA,21690,0,21690
VFD,DELTA, 415V 7.5KW / 10HP  Inbuilt detachable display unit,,NOS,DELTA MS SERISE VFD17AMS43ANSAA,22466,0,22466
VFD,DELTA, 415V 11KW /15HP  Inbuilt detachable display unit,,NOS,DELTA MS SERISE VFD25AMS43ANSAA,27473,0,27473
VFD,DELTA, 415V 15KW / 20HP  Inbuilt detachable display unit,,NOS,DELTA MS SERISE VFD32AMS43ANSAA,34206,0,34206
VFD,DELTA, 415V 18.5KW / 25HP Inbuilt detachable display unit,,NOS,DELTA MS SERISE VFD38AMS43ANSAA,45827,0,45827
VFD,DELTA, 415V 22KW / 30HP Inbuilt detachable display unit,,NOS,DELTA MS SERISE VFD45AMS43ANSAA,49461,0,49461
VFD,DELTA, 415V30KW / 40HP Inbuilt detachable display unit,,NOS,DELTA MS SERISE VFD300CP43B-21,57100,0,57100
VFD,DELTA, 415V 35KW / 50HP Inbuilt detachable display unit,,NOS,DELTA MS SERISE VFD370CP53B-21,73450,0,73450
VFD,DELTA, 415V 45KW / 60HP Inbuilt detachable display unit,,NOS,DELTA MS SERISE VFD45AMS43ANSAA,43990,0,43990
VFD,DELTA, 415V 75KW / 75HP 144 AMP ,,NOS,,133677.5,0,133677.5
Soft Starter ,LNT,15 HP L&T SOFT STARTER ,,NOS,AGC,45837,0,45837
Soft Starter ,LNT,20 HP L&T SOFT STARTER,,NOS,AGC,47000,0,47000
Soft Starter ,LNT,30 HP L&T SOFT STARTER,,NOS,AGC,50825,0,50825
Soft Starter ,LNT,40 HP L&T SOFT STARTER,,NOS,AGC,52773,0,52773
Soft Starter ,LNT,50 HP L&T SOFT STARTER,,NOS,AGC,52773,0,52773
STP METAL BOX,STAND,FABRICATION POWDER COATING PANEL WITH STAND ,,NOS,DB,52773,0,52773
FIRE,system,fire suppression system,,NOS,FIRE,25000,0,25000
,X,BUSBAR 50X20,,NOS,FIRE,3000,0,3000
TERMINAL,AMP,PVC TERMINAL 6AMP,,NOS,FIRE,3000,0,3000
CONTACTOR ,CONTACTOR,IDEAL CONTACTOR ,,NOS,FIRE,3000,0,3000
PAKEGING,SMALL,RAPING ROLL SMALL,,NOS,FIRE,3000,0,3000
PAKEGING,BIG,RAPING ROLL  BIG ,,NOS,FIRE,3000,0,3000
MCB,SI-MCB,SI-MCB 3P 63A,,Nos,SIMENS ,3149,69,976.19
MCB,SI-MCB,SI--MCB 3P 40A,,Nos,SIMENS ,2820,69,874.2
MCB,SI-MCB,SI-MCB 3P 25A,,Nos,SIMENS ,2015,69,624.65
MCB,SI-MCB,SI-MCB 3P 20A,,Nos,SIMENS ,2015,69,624.65
MCB,SI-MCB,SI-MCB 3P 16A,,Nos,SIMENS ,2015,69,624.65
MCB,SI-MCB,SI-MCB 3P 10A,,Nos,SIMENS ,2015,69,624.65
MCB,SI-MCB,SI-MCB 3P 6A,,Nos,SIMENS ,2015,69,624.65
CT,CT,C.T.100/5A (Std.),,Nos,,400,0,400
Metal Box,1,Metal Box 950*750*400 (1.6mm) ATS,,Nos,Anand Engineering,25000,0,25000
Metal Box,1,SDF FN250TPF,,Nos,Anand Engineering,19580,50,9790
Metal Box,1,Metal box 750*1000*350(2 vfd Outdoor Panel) ,,Nos,Anand Engineering,14000,0,14000
Metal Box,1,Metal Box 600*500*250 (1.2mm) HMI PANEL,,Nos,Anand Engineering,3700,0,3700
Metal Box,1,Metal Box 700*500*250 (1.2mm) HMI PANEL,,Nos,Anand Engineering,5200,0,5200
Metal Box,1,Metal Box 850*1200*350 (1.2mm) HMI PANEL(15KW 3 PUMP),,Nos,Anand Engineering,14000,0,14000
CONTACTOR,,50A L&T,,Nos,AJITESH,7640,40,4584
,1,50 A SEMINS,,Nos,ANUROOP,10575,51,5181.75
METAL BOX,HP,METAL BOX 500x600x240 (HMI 2PUMP) UPTO 3HP,,NOS,DB INDUSRIES,4500,0,4500
METAL BOX,HP,METAL BOX 500x600x240 (HMI 2PUMP) UPTO 5HP,,NOS,DB INDUSRIES,4700,0,4700
METAL BOX,indore,METAL BOX 600x1200x350 1pump indore,,NOS,DB INDUSRIES,16000,0,16000
METAL BOX,indore,METAL BOX 600x800x350 1pump indore,,NOS,DB INDUSRIES,12000,0,12000
VFD,VFD,18KW20HP DELTA VFD ,,NOS,,54445.2,0,54445.2
METAL BOX,INDOOR,25HP 1PUMP METEL BOX VFD INDOOR,,NOS,DB INDUSRIES,7000,0,7000
METAL BOX,OUTDOOR,25HP 1PUMP METEL BOX VFD OUTDOOR,,NOS,DB INDUSRIES,15000,0,15000
METAL BOX,INDOOR,METAL BOX 1150X1400X450 INDOOR ,,NOS,DB INDUSRIES,22000,0,22000
DVM,ammeter,Digital voltmeter ammeter,,NOS,,2500,0,2500
stop button,button,Emergency stop push button,,NOS,,170,0,170
DVM,meter,DVM Multy function meter,,NOS,,2500,0,2500
CHOCK,CHOKE,30KW 40HP 8A CHOKE ,,NOS,,13000,0,13000
SFU,BOS,SWITCH FUSE UNIT (OPEN BOS),,NOS,AJITESH( L& T),12000,0,12000
FUSE,TUBE,SFU FUSE TUBE,,NOS,AJITESH( L& T),1000,0,1000
SI,AO,SIGNAL ISOLATOR (4-20MA for AI & AO),,NOS,ANUROOP MULTISPAN ,4175,32,2839
metal BOX,DLC,FLAME PROOF PANEL ( DLC),,NOS,ANUROOP MULTISPAN ,25000,0,25000
metal BOX,PANEL,22 KW 30HP 1 PUMP INDOOR PANEL ,,NOS,ANUROOP MULTISPAN ,20000,0,20000
Choke,AMP, VFD CHOKE (20 HP 15KW  (CHOKE CURRENT  40 AMP)) ,,NOS,RAJ ELECTRICAL ,6785,0,6785
Metal Box,1,Metal Box 1000*1500*350 (1.6) HMI PANEL(15KW 2 PUMP),,Nos,db ,22000,0,22000
METAL BOX,PANEL,METAL BOX 750x650x350 (HMI 2PUMP)  5HP OUTDOOR PANEL ,,NOS,DB INDUSRIES,12500,0,12500
SFU,SIEMENS,3KL8221-5TA00 125A SFU OPEN SIEMENS,,NOS,ANUROOP ,12245,45,6734.75
CONTACTOR,SIEMENS, 9A 3P 24VDC NO CONTACTOR SIEMENS,,NOS,ANUROOP ,3300,45,1815
CONTACTOR,SIEMENS,22A 3P 24VDC  CONTACTOR SIEMENS,,NOS,ANUROOP ,5480,45,3014
CONTACTOR,SIEMENS, 38A 3P 24VDC CONTACTOR SIEMENS,,NOS,ANUROOP ,15190,45,8354.5
MFM,PLUS,MULTY FUNCTION METER PM 130 EH PLUS,,NOS,ANUROOP ,20000,0,20000
PANEL BOX,D, PANEL BOX 600 W * 600 H * 350 D,,NOS,DHUPPAR BROTHERS.,17000,0,17000
METAL BOX ,PANEL,METAL BOX 450*350*250MM OUTDOOR PANEL ,,NOS,,9000,0,9000
METAL BOX ,PANEL,METAL BOX 500*600*250MM OUTDOOR PANEL ,,NOS,,13000,0,13000
RELAY,SALZER,MSP 2P 240 VAC 8PIN RELAY SALZER,,NOS,ANUROOP,283,0,283
Metal Box,1,Metal box 550X 700X330 3 MULTY VFD ,,Nos,Anand Engineering,4700,0,4700
Metal Box,1,Metal box 600X 700X300 2 VFD 4 PUMP,,Nos,Anand Engineering,15000,0,15000
Metal Box,1,Metal box 1500X 2000X450 4 VFD 4 PUMP,,Nos,Anand Engineering,50000,0,50000
Metal Box,1,Metal box 1700X 1500X450 3VFD 3 PUMP,,Nos,Anand Engineering,55000,0,55000
Metal Box,1,Metal box 1700X 1500X450 2VFD 4 PUMP,,Nos,Anand Engineering,40000,0,40000
Metal Box,1,Metal box 1700X 1500X450 2VFD 3PUMP,,Nos,Anand Engineering,30000,0,30000
METAL BOX,VFD,900x600x300 - 3 PUMP HMI 1VFD,,NOS,DB INDUSTRIES ,9000,0,9000
Metal Box,1,Metal Box 850*1200*350 (1.2mm) (11KW 3 PUMP) CONTROL PANEL BOX,,Nos,Anand Engineering,15000,0,15000
Metal Box,1,Metal Box 850*1200*350 (1.2mm) HMI PANEL(11KW 3 PUMP),,Nos,Anand Engineering,11000,0,11000
METAL BOX,PUMP,700x600x200 - 3 PUMP,,NOS,DB INDUSTRIES ,6000,0,6000
METAL BOX,PANEL,3 COMPARTMENT CONTROL PANEL,,NOS,DB INDUSTRIES ,42000,0,42000
VFD CHOKE,1,VFD CHOKE 20AMP,,Nos,,21440,0,21440
METAL BOX,PANEL,4 COMPARTMENT CONTROL PANEL,,NOS,DB INDUSTRIES ,56000,0,56000
Metal Box,1,Metal Box 800*1300*350 HMI PANEL 2PUMP 20HP 2VFD,,Nos,DB INDUSTRIES ,16000,0,16000
Metal Box,1,METAL BOX 700*1000*320 HMI 3 PUMP 10PH WITH BYPASS,,Nos,DB INDUSTRIES ,15000,0,15000
Metal Box,1,METAL BOX 800*1200*320 HMI 3 PUMP 10PH WITH BYPASS,,Nos,DB INDUSTRIES ,16000,0,16000
Metal Box,1, 2 PUMP COMPARTMENTAL PANEL 1500x1000x400,,Nos,DB INDUSTRIES ,35000,0,35000
Metal Box,1, 2 PUMP COMPARTMENTAL PANEL,,Nos,DB INDUSTRIES ,25000,0,25000
Metal Box,1,Metal Box 800*1300*400 HMI PANEL 2PUMP 12.5HP 2VFD,,Nos,DB INDUSTRIES ,17000,0,17000
METAL BOX,1,7.5HP AND 10 HP OUTDOOR PANEL BOX ,,Nos,DB INDUSTRIES ,8000,0,8000
METAL BOX,VFD,1000(H)X850(W)X320(D) 15HP 4 VFD,,NOS,DB INDUSTRIES ,15000,0,15000
METAL BOX,VFD,1500(H)X1000(W)X320(D) 15HP 6 VFD,,NOS,DB INDUSTRIES ,40000,0,40000
METAL BOX,VFD,1500(H)X1000(W)X320(D) 20HP 3 VFD,,NOS,DB INDUSTRIES ,35000,0,35000
METAL BOX,VFD,1500(H)X1000(W)X320(D) 25HP 3 VFD,,NOS,DB INDUSTRIES ,30000,0,30000
METAL BOX,VFD,1500(H)X1000(W)X320(D) 35HP 2 VFD,,NOS,DB INDUSTRIES ,35000,0,35000
METAL BOX,BOX,8 PUMP 4 VFD METAL BOX,,NOS,DB INDUSTRIES ,35000,0,35000
,CLOCK,REAL TIME CLOCK ,,NOS,,2000,,2000
PUSH BUTTON,BUTTON,START /STOP PUSH BUTTON,,NOS,,150,0,150
,PANEL,CP2P_1HP_INDOOR_DLC_CONTROL_PANEL ,,NOS,SAARK,15200,0,15200
,PANEL,CP2P_2HP_INDOOR_DLC_CONTROL_PANEL ,,NOS,SAARK,15200,0,15200
VFD,VFD,FC-051 7.5KW 10 HP DANFOSS VFD,,NOS,DANFOSS,26375,0,26375
METAL BOX,VFD,1500(H)X1000(W)X320(D)  6 VFD,,NOS,DB INDUSTRIES ,20000,0,20000
METAL BOX,PANEL,METAL BOX 40 HP 3 VFD COMPARTMENT PANEL ,,NOS,DB INDUSTRIES ,40000,0,40000
VFD,V,55KW 75HP 106AMP 380-480V ,,NOS,INNODRIVES DANFOSS,143245.2,0,143245.2
METAL BOX,PANEL,METAL BOX 75 HP 3 VFD COMPARTMENT PANEL ,,NOS,DB INDUSTRIES ,70000,0,70000
Lugs,,LUGS 35 SQMM PIN COPPER,,Nos,Anuroop,60,0,60
Lugs,,LUGS 35 SQMM RING COPPER,,Nos,Anuroop,90,30,63
Wire,,WIRE 35 SQMM RED,,Meter,Thakur,1375,50,687.5
Wire,,WIRE 35 SQMM YELLOW,,Meter,Thakur,1375,50,687.5
Wire,,WIRE 35 SQMM BLUE,,Meter,Thakur,1375,50,687.5
Wire,,WIRE 35 SQMM BLACK,,Meter,Thakur,1375,50,687.5
Wire,,WIRE 35 SQMM GREY,,Meter,Thakur,1375,50,687.5
LV510300,MCCB 3P,16A Three Pole MCCB,,NOS,25 kA,13420,60,5368
LV510301,MCCB 3P,25A Three Pole MCCB,,NOS,25 kA,13420,60,5368
LV510302,MCCB 3P,32A Three Pole MCCB,,NOS,25 kA,13420,60,5368
LV510303,MCCB 3P,40A Three Pole MCCB,,NOS,25 kA,13420,60,5368
LV510304,MCCB 3P,50A Three Pole MCCB,,NOS,25 kA,13420,60,5368
LV510305,MCCB 3P,63A Three Pole MCCB,,NOS,25 kA,13420,60,5368
LV510306,MCCB 3P,80A Three Pole MCCB,,NOS,25 kA,13420,60,5368
LV510307,MCCB 3P,100A Three Pole MCCB,,NOS,25 kA,13420,60,5368
LV516302,MCCB 3P,125A Three Pole MCCB,,NOS,25 kA,19750,60,7900
LV516303,MCCB 3P,160A Three Pole MCCB,,NOS,25 kA,25780,60,10312
LV525302,MCCB 3P,200A Three Pole MCCB,,NOS,25 kA,34120,60,13648
LV525303,MCCB 3P,250A Three Pole MCCB,,NOS,25 kA,39930,60,15972
LV510310,MCCB 3P,16A Four Pole MCCB,,NOS,25 kA,18680,60,7472
LV510311,MCCB 3P,25A Four Pole MCCB,,NOS,25 kA,18680,60,7472
LV510312,MCCB 3P,32A Four Pole MCCB,,NOS,25 kA,18680,60,7472
LV510313,MCCB 3P,40A Four Pole MCCB,,NOS,25 kA,18680,60,7472
LV510314,MCCB 3P,50A Four Pole MCCB,,NOS,25 kA,18680,60,7472
LV510315,MCCB 3P,63A Four Pole MCCB,,NOS,25 kA,18680,60,7472
LV510316,MCCB 3P,80A Four Pole MCCB,,NOS,25 kA,18680,60,7472
LV510317,MCCB 3P,100A Four Pole MCCB,,NOS,25 kA,18680,60,7472
LV516312,MCCB 3P,125A Four Pole MCCB,,NOS,25 kA,24170,60,9668
LV516313,MCCB 3P,160A Four Pole MCCB,,NOS,25 kA,30890,60,12356
LV525312,MCCB 3P,200A Four Pole MCCB,,NOS,25 kA,42650,60,17060
LV525313,MCCB 3P,250A Four Pole MCCB,,NOS,25 kA,48850,60,19540
LV510330,MCCB 3P,16A Three Pole MCCB,,NOS,36 kA,18380,60,7352
LV510331,MCCB 3P,25A Three Pole MCCB,,NOS,36 kA,18380,60,7352
LV510332,MCCB 3P,32A Three Pole MCCB,,NOS,36 kA,18380,60,7352
LV510333,MCCB 3P,40A Three Pole MCCB,,NOS,36 kA,18380,60,7352
LV510334,MCCB 3P,50A Three Pole MCCB,,NOS,36 kA,18380,60,7352
LV510335,MCCB 3P,63A Three Pole MCCB,,NOS,36 kA,18380,60,7352
LV510336,MCCB 3P,80A Three Pole MCCB,,NOS,36 kA,18380,60,7352
LV510337,MCCB 3P,100A Three Pole MCCB,,NOS,36 kA,18380,60,7352
LV516332,MCCB 3P,125A Three Pole MCCB,,NOS,36 kA,20380,60,8152
LV516333,MCCB 3P,160A Three Pole MCCB,,NOS,36 kA,27000,60,10800
LV525332,MCCB 3P,200A Three Pole MCCB,,NOS,36 kA,38890,60,15556
LV525333,MCCB 3P,250A Three Pole MCCB,,NOS,36 kA,43140,60,17256
LV540305,MCCB 3P,320A Three Pole MCCB,,NOS,36 kA,58970,60,23588
LV540306,MCCB 3P,400A Three Pole MCCB,,NOS,36 kA,59320,60,23728
LV563305,MCCB 3P,500A Three Pole MCCB,,NOS,36 kA,67250,60,26900
LV563307,MCCB 3P,630A Three Pole MCCB,,NOS,36 kA,77000,60,30800
LV510340,MCCB 3P,16A Four Pole MCCB,,NOS,36 kA,22940,60,9176
LV510341,MCCB 3P,25A Four Pole MCCB,,NOS,36 kA,22940,60,9176
LV510342,MCCB 3P,32A Four Pole MCCB,,NOS,36 kA,22940,60,9176
LV510343,MCCB 3P,40A Four Pole MCCB,,NOS,36 kA,22940,60,9176
LV510344,MCCB 3P,50A Four Pole MCCB,,NOS,36 kA,22940,60,9176
LV510345,MCCB 3P,63A Four Pole MCCB,,NOS,36 kA,22940,60,9176
LV510346,MCCB 3P,80A Four Pole MCCB,,NOS,36 kA,22940,60,9176
LV510347,MCCB 3P,100A Four Pole MCCB,,NOS,36 kA,22940,60,9176
LV516342,MCCB 3P,125A Four Pole MCCB,,NOS,36 kA,25310,60,10124
LV516343,MCCB 3P,160A Four Pole MCCB,,NOS,36 kA,32170,60,12868
LV525342,MCCB 3P,200A Four Pole MCCB,,NOS,36 kA,48190,60,19276
LV525343,MCCB 3P,250A Four Pole MCCB,,NOS,36 kA,53380,60,21352
LV540308,MCCB 3P,320A Four Pole MCCB,,NOS,36 kA,73170,60,29268
LV540309,MCCB 3P,400A Four Pole MCCB,,NOS,36 kA,73820,60,29528
LV563308,MCCB 3P,500A Four Pole MCCB,,NOS,36 kA,85170,60,34068
LV563310,MCCB 3P,630A Four Pole MCCB,,NOS,36 kA,97180,60,38872
LV510470,MCCB 3P,16A Three Pole MCCB,,NOS,50 kA,24920,60,9968
LV510471,MCCB 3P,25A Three Pole MCCB,,NOS,50 kA,24920,60,9968
LV510472,MCCB 3P,32A Three Pole MCCB,,NOS,50 kA,24920,60,9968
LV510473,MCCB 3P,40A Three Pole MCCB,,NOS,50 kA,24920,60,9968
LV510474,MCCB 3P,50A Three Pole MCCB,,NOS,50 kA,24920,60,9968
LV510475,MCCB 3P,63A Three Pole MCCB,,NOS,50 kA,24920,60,9968
LV510476,MCCB 3P,80A Three Pole MCCB,,NOS,50 kA,24920,60,9968
LV510477,MCCB 3P,100A Three Pole MCCB,,NOS,50 kA,24920,60,9968
LV516462,MCCB 3P,125A Three Pole MCCB,,NOS,50 kA,32400,60,12960
LV516463,MCCB 3P,160A Three Pole MCCB,,NOS,50 kA,35060,60,14024
LV525452,MCCB 3P,200A Three Pole MCCB,,NOS,50 kA,45370,60,18148
LV525453,MCCB 3P,250A Three Pole MCCB,,NOS,50 kA,48790,60,19516
LV540315,MCCB 3P,320A Three Pole MCCB,,NOS,50 kA,63890,60,25556
LV540316,MCCB 3P,400A Three Pole MCCB,,NOS,50 kA,64360,60,25744
LV563315,MCCB 3P,500A Three Pole MCCB,,NOS,50 kA,74620,60,29848
LV563317,MCCB 3P,630A Three Pole MCCB,,NOS,50 kA,81290,60,32516
LV510480,MCCB 4P,16A Four Pole MCCB,,NOS,50 kA,30640,60,12256
LV510481,MCCB 4P,25A Four Pole MCCB,,NOS,50 kA,30640,60,12256
LV510482,MCCB 4P,32A Four Pole MCCB,,NOS,50 kA,30640,60,12256
LV510483,MCCB 4P,40A Four Pole MCCB,,NOS,50 kA,30640,60,12256
LV510484,MCCB 4P,50A Four Pole MCCB,,NOS,50 kA,30640,60,12256
LV510485,MCCB 4P,63A Four Pole MCCB,,NOS,50 kA,30640,60,12256
LV510486,MCCB 4P,80A Four Pole MCCB,,NOS,50 kA,30640,60,12256
LV510487,MCCB 4P,100A Four Pole MCCB,,NOS,50 kA,30640,60,12256
LV516467,MCCB 4P,125A Four Pole MCCB,,NOS,50 kA,35450,60,14180
LV516468,MCCB 4P,160A Four Pole MCCB,,NOS,50 kA,41750,60,16700
LV525457,MCCB 4P,200A Four Pole MCCB,,NOS,50 kA,57000,60,22800
LV525458,MCCB 4P,250A Four Pole MCCB,,NOS,50 kA,60110,60,24044
LV540318,MCCB 4P,320A Four Pole MCCB,,NOS,50 kA,78980,60,31592
LV540319,MCCB 4P,400A Four Pole MCCB,,NOS,50 kA,80430,60,32172
LV563318,MCCB 4P,500A Four Pole MCCB,,NOS,50 kA,94170,60,37668
LV563320,MCCB 4P,630A Four Pole MCCB,,NOS,50 kA,106420,60,42568
METAL BOX,MB,DLC OUTDOOR BOX 2 PUMP ,,NOS,,3000,0,3000
MPCB,MPCB 3P,MPCB 6A 3POLE,,Nos,Satyam,2345,58,984.9
MPCB,MPCB 3P,MPCB 9A 3POLE,,Nos,Satyam,2405,58,1010.1
MPCB,MPCB 3P,MPCB 12A 3POLE,,Nos,Satyam,2750,58,1155
MPCB,MPCB 3P,MPCB 18A 3POLE,,Nos,Satyam,3170,58,1331.4
MPCB,MPCB 3P,MPCB 25A 3POLE,,Nos,Satyam,4315,58,1812.3
MPCB,MPCB 3P,MPCB 32A 3POLE,,Nos,Satyam,9045,58,3798.9
MPCB,MPCB 3P,MPCB 38A 3POLE,,Nos,Satyam,10550,58,4431
MPCB,MPCB 3P,MPCB 40A 3POLE,,Nos,Satyam,14160,58,5947.2
MPCB,MPCB 3P,MPCB 50A 3POLE,,Nos,Satyam,17230,58,7236.6
MPCB,MPCB 3P,MPCB 65A 3POLE,,Nos,Satyam,23345,58,9804.9
MPCB,MPCB 3P,MPCB 80A 3POLE,,Nos,Satyam,30365,58,12753.3
MPCB,MPCB 3P,MPCB 95A 3POLE,,Nos,Satyam,36385,58,15281.7
VFD,GROUNFOSS,15KW VFD GROUNFOSS,,Nos,Satyam,35528,0,35528
VFD,GROUNFOSS,22KW VFD GROUNFOSS,,Nos,Satyam,51588,0,51588
VFD,FC,15KW20HP380-480V FC-51,,NOS,INNODRIVES DANFOSS,49636.4,0,49636.4
METAL BOX ,BOX,400 X 600 X 250 MM UPTO 5 HP METAL BOX ,,NOS,,3000,0,3000
VFD,DELTA ME, 230V 0.4KW / 0.5HP Inbuilt detachable display unit,,NOS,DELTA ME SERISE VFD2A8MS21ANSAA,9326.1,0,9326.1
VFD,DELTA ME,230V 0.75KW / 0.1HP Inbuilt detachable display unit,,NOS,DELTA ME SERISE VFD4A8MS21ANSAA,10692,0,10692
VFD,DELTA ME, 230V 1.5KW / 2HP Inbuilt detachable display unit,,NOS,DELTA ME SERISE VFD7A5MS21ANSAA,10891.65,0,10891.65
VFD,DELTA ME, 230V 2.2KW / 3HP Inbuilt detachable display unit,,NOS,DELTA ME SERISE VFD11AMS21ANSAA,12325.95,0,12325.95
VFD,DELTA ME, 415V 4KW / 5HP Inbuilt detachable display unit,,NOS,DELTA ME SERISE VFD9A0MS43ANSAA,14771.4,0,14771.4
VFD,DELTA ME, 415V 5.5KW / 7.5HP Inbuilt detachable display unit,,NOS,DELTA ME SERISE VFD13AMS43ANSAA,18274.2,0,18274.2
VFD,DELTA ME, 415V 7.5KW / 10HP  Inbuilt detachable display unit,,NOS,DELTA ME SERISE VFD17AMS43ANSAA,20843.55,0,20843.55
METAL BOX,DEWATERING,METAL BOX FOR DEWATERING ,,NOS,DB ,1500,0,1500
CT COIL,1,300 AMP/5 CT COIL (1 HOLE) ,,Nos,,5000,47,2650
,1,TERMINAL BLOCK ,,Nos,,200,0,200
CONTACTOR,XX,CONTACTOR 120 AMP M7,,Nos,Satyam,43445,68,13902.4
METAL BOX,PANEL,METAL BOX 100 HP 3 VFD COMPARTMENT PANEL ,,NOS,DB INDUSTRIES ,70000,0,70000
,TRANSFORMER,ISOLATION TRANSFORMER,,NOS,DB INDUSTRIES ,2000,0,2000
